Table:GL_ACCNT_MASTER,e04,e04,會計科目檔,e04,e04,e04,e04,e04,e04,e04,e04,e04
ACCNT_NO,ACCNT_KIND,ACCNT_NAME,ACCNT_DESC,BUDGET_CODE,CREATE_OFFSET_CODE,ASSEST_ACCNT_NO,SPREAD_ACCNT_NO,SUBSYSTEM_NO,LAST_UPDATE_DATE,ACCNT_D_C,STD_ACCNT_NO,STD_ACCNT_DESC
1222,1,用品盤存,e04,N,N,N,N,e04,1999/1/26,D,1256,用品盤存
1224,1,預付購料款,e04,N,N,N,N,e04,1999/1/26,D,e04,e04
122698,1,預付費用-其他,e04,N,Y,N,N,INS,1999/8/31,D,1258,其他預付費用
128202,1,進項稅額-應稅,e04,N,N,N,N,e04,1999/3/15,D,1264,進項稅額
128204,1,進項稅額-共同,e04,N,N,N,N,e04,1999/3/15,D,1264,進項稅額
1290,1,遞延所得稅-流動,e04,N,N,N,N,e04,1999/1/26,D,1286,遞延所得稅資產-流動
1542,1,運輸設備,e04,N,N,Y,N,e04,1999/3/4,D,1551,運輸設備
1543,1,累計折舊-運輸設備,e04,N,N,N,N,e04,1999/3/15,C,1559,累計折舊-運輸設備
1552,1,物流設備,專屬物流作業使用,N,N,Y,N,e04,2005/1/7,D,1681,其他設備
1553,1,累計折舊-物流設備,e04,N,N,N,N,e04,2005/1/7,C,1689,累計折舊-其他設備
1562,1,資訊設備,e04,N,N,Y,N,e04,2000/3/28,D,1681,其他設備
1563,1,累計折舊-資訊設備,e04,N,N,N,N,e04,2000/3/28,C,1689,累計折舊-其他設備
1572,1,其他設備,e04,N,N,Y,N,e04,1999/3/4,D,1681,其他設備
1573,1,累計折舊-其他,e04,N,N,N,N,e04,1999/3/15,C,1689,累計折舊-其他設備
1582,1,擴充改良,e04,N,N,N,N,e04,2000/3/28,D,1681,其他設備
1583,1,累計折舊-擴充改良,e04,N,N,N,N,e04,2000/3/28,C,1689,累計折舊-其他設備
1592,1,預付設備款,屬固定資產,N,N,N,N,e04,2017/10/11,D,1672,預付設備款
182202,1,存出保証金-房屋,e04,N,N,N,N,e04,1999/1/26,D,1820,存出保證金
182204,1,存出保証金-電話,e04,N,N,N,N,e04,1999/1/26,D,1820,存出保證金
182298,1,存出保証金-其他,e04,N,N,N,N,e04,1999/1/26,D,1820,存出保證金
1826,1,暫付款,e04,N,N,N,N,e04,1999/8/31,D,1281,暫付款
1000,1,總資產,總資產,N,e04,e04,Y,e04,1999/1/26,e04,e04,e04
183098,1,其他暫付款-其他,e04,N,N,N,N,e04,2016/12/8,D,1281,暫付款
1100,1,流動資產,流動資產,N,e04,e04,Y,e04,1999/1/26,e04,e04,e04
1500,1,固定資產,固定資產,N,e04,e04,Y,e04,1999/1/26,e04,e04,e04
1800,1,其他資產,其他資產,N,e04,e04,Y,e04,1999/1/26,e04,e04,e04
2000,2,總負債,總負債,N,e04,e04,Y,e04,1999/1/26,e04,e04,e04
2100,2,流動負債,流動負債,N,e04,e04,Y,e04,1999/1/26,e04,e04,e04
2400,2,長期負債,長期負債,N,e04,e04,Y,e04,1999/1/26,e04,e04,e04
612870,6,推銷費用-系統維護費,系統維護費,Y,N,N,N,e04,1999/3/20,D,610A,推銷費用-關係人(自建)
612872,6,推銷費用-職訓費,職訓費,Y,N,N,N,e04,1999/3/20,D,610A,推銷費用-關係人(自建)
622804,6,管理費用-伙食津貼,伙食津貼,Y,N,N,N,e04,1999/3/4,D,620A,管理及總務費用-關係人(自建)
622808,6,管理費用-工資津貼,工資津貼,Y,N,N,N,e04,1999/3/4,D,620A,管理及總務費用-關係人(自建)
622812,6,管理費用-勞健保費,勞健保費,Y,N,N,N,e04,1999/3/4,D,620A,管理及總務費用-關係人(自建)
622814,6,管理費用-車輛路橋費,車輛路橋費,Y,N,N,N,e04,1999/3/4,D,620A,管理及總務費用-關係人(自建)
622818,6,管理費用-其他折舊,折舊,Y,N,N,N,e04,2000/3/28,D,620A,管理及總務費用-關係人(自建)
622822,6,管理費用-運費,運費,Y,N,N,N,e04,1999/3/4,D,620A,管理及總務費用-關係人(自建)
622826,6,管理費用-水電費,水電費,Y,N,N,N,e04,1999/3/4,D,620A,管理及總務費用-關係人(自建)
622828,6,管理費用-車輛維修費,車輛維修費,Y,N,N,N,e04,1999/3/4,D,620A,管理及總務費用-關係人(自建)
622832,6,管理費用-包裝費,包裝費,Y,N,N,N,e04,1999/3/4,D,620A,管理及總務費用-關係人(自建)
622836,6,管理費用-國內旅費,國內旅費,Y,N,N,N,e04,1999/3/4,D,620A,管理及總務費用-關係人(自建)
622838,6,管理費用-國外旅費,國外旅費,Y,N,N,N,e04,1999/3/4,D,620A,管理及總務費用-關係人(自建)
622842,6,管理費用-交際費,交際費,Y,N,N,N,e04,1999/3/4,D,620A,管理及總務費用-關係人(自建)
622846,6,管理費用-一般稅捐,稅捐,Y,N,N,N,e04,2000/3/28,D,620A,管理及總務費用-關係人(自建)
622850,6,管理費用-技術指導費,佣金,Y,N,N,N,e04,2002/6/3,D,620A,管理及總務費用-關係人(自建)
622852,6,管理費用-書報雜誌,書報雜誌,Y,N,N,N,e04,1999/3/4,D,620A,管理及總務費用-關係人(自建)
622856,6,管理費用-會議餐費,會議餐費,Y,N,N,N,e04,1999/3/4,D,620A,管理及總務費用-關係人(自建)
622860,6,管理費用-勞務費,勞務費,Y,N,N,N,e04,1999/3/4,D,620A,管理及總務費用-關係人(自建)
622862,6,管理費用-雜項購置,雜項購置,Y,N,N,N,e04,1999/3/4,D,620A,管理及總務費用-關係人(自建)
612801,6,推銷費用-薪資自提退休金,屬薪資性質因免課稅故另設科目,Y,N,N,N,e04,2005/8/1,D,610A,推銷費用-關係人(自建)
622802,6,管理費用-薪資津貼,薪資津貼,Y,N,N,N,e04,1999/3/4,D,620A,管理及總務費用-關係人(自建)
622806,6,管理費用-加班費,加班費,Y,N,N,N,e04,1999/3/4,D,620A,管理及總務費用-關係人(自建)
622870,6,管理費用-系統維護費,e04,Y,N,N,N,e04,1999/3/4,D,620A,管理及總務費用-關係人(自建)
622816,6,管理費用-租金,租金 因應20190101 IFRS16租賃上線，此會科20181231終止使用,Y,N,N,N,e04,2019/1/31,D,620A,管理及總務費用-關係人(自建)
622820,6,管理費用-文具,文具,Y,N,N,N,e04,1999/3/4,D,620A,管理及總務費用-關係人(自建)
622824,6,管理費用-郵電費,郵電費,Y,N,N,N,e04,1999/3/4,D,620A,管理及總務費用-關係人(自建)
622830,6,管理費用-一般修繕費,一般修繕費,Y,N,N,N,e04,1999/3/4,D,620A,管理及總務費用-關係人(自建)
622834,6,管理費用-一般保險費,一般保險費,Y,N,N,N,e04,1999/3/4,D,620A,管理及總務費用-關係人(自建)
622840,6,管理費用-交通費,交通費,Y,N,N,N,e04,1999/3/4,D,620A,管理及總務費用-關係人(自建)
622844,6,管理費用-捐贈,捐贈,Y,N,N,N,e04,1999/3/4,D,620A,管理及總務費用-關係人(自建)
622848,6,管理費用-福利費,福利費,Y,N,N,N,e04,1999/3/4,D,620A,管理及總務費用-關係人(自建)
622854,6,管理費用-政府規費,政府規費,Y,N,N,N,e04,1999/3/4,D,620A,管理及總務費用-關係人(自建)
622858,6,管理費用-汽油費,汽油費,Y,N,N,N,e04,1999/3/4,D,620A,管理及總務費用-關係人(自建)
622864,6,管理費用-呆帳損失,呆帳損失,Y,N,N,N,e04,1999/3/4,D,620A,管理及總務費用-關係人(自建)
622868,6,管理費用-管理服務費,保全，統一企業外派來之工務總工室所收取之費用,Y,N,N,N,e04,2000/10/5,D,620A,管理及總務費用-關係人(自建)
622835,6,管理費用-車輛保險費,e04,Y,N,N,N,e04,1999/3/19,D,620A,管理及總務費用-關係人(自建)
622845,6,管理費用-車輛稅捐,e04,Y,N,N,N,e04,2000/3/28,D,620A,管理及總務費用-關係人(自建)
622819,6,管理費用-資訊設備折舊,e04,Y,N,N,N,e04,2000/3/28,D,620A,管理及總務費用-關係人(自建)
1565,1,累計折舊-水電設備,水電設備折舊,N,N,N,N,e04,2005/1/24,C,1549,累計折舊-機器設備
210206,2,線上融資,彰銀融資使用,N,N,N,N,e04,2005/1/24,C,e04,e04
612815,6,推銷費用-物流設備折舊,物流設備折舊,N,N,N,N,e04,2005/1/24,D,610A,推銷費用-關係人(自建)
612821,6,推銷費用-水電設備折舊,水電設備之折舊,N,N,N,N,e04,2005/1/24,D,610A,推銷費用-關係人(自建)
622821,6,管理費用-水電設備折舊,水電設備折舊,N,N,N,N,e04,2005/1/24,D,620A,管理及總務費用-關係人(自建)
110230,1,週轉金-中壢,單位零用金,N,N,N,N,e04,2005/1/24,D,1102,零用金／週轉金
282610,2,暫收款-國外採購,國採會計帳務作業,N,N,N,N,e04,2005/5/31,C,2281,暫收款
110232,1,週轉金-竹南,單位零用金,N,N,N,N,e04,2005/3/1,D,1102,零用金／週轉金
214510,2,暫估應付款-國外採購,國採進貨會計帳務,N,N,N,N,e04,2005/5/31,C,2144,暫估應付帳款
280204,2,應計退休金負債-新制,94/07退休新制,N,N,N,N,e04,2005/6/21,C,2810,退休金準備／應計退休金負債
280202,2,應計退休金負債-舊制,原退休金2802結轉,N,N,N,N,e04,2005/6/21,C,2810,退休金準備／應計退休金負債
622811,6,管理費用-新制退休金,94/07起用,N,N,N,N,e04,2005/6/21,D,620A,管理及總務費用-關係人(自建)
612811,6,推銷費用-新制退休金,9407起用,N,N,N,N,e04,2005/6/21,D,610A,推銷費用-關係人(自建)
282646,2,暫收款-自提退休金,因應新制94/07起用,N,N,N,N,AP,2005/6/21,C,2281,暫收款
2801,2,應計退休金負債,e04,N,e04,e04,Y,e04,2005/7/3,e04,e04,e04
122610,1,預付費用-分離課稅所得稅,20%代扣短投利息所得稅,N,N,N,N,e04,2006/3/27,D,1258,其他預付費用
110402,1,約當現金-商業本業,投資短期RP,N,N,N,N,e04,2006/5/12,D,1103,銀行存款
110234,1,週轉金-新市乳品倉,單位零用金,N,N,N,N,e04,2006/7/10,D,1102,零用金／週轉金
1104,1,約當現金,e04,N,e04,e04,Y,e04,2006/6/2,e04,e04,e04
111232,1,銀行存款-兆豐台南分行(活存),活存-21309051837,N,N,N,N,e04,2006/8/18,D,1103,銀行存款
111234,1,銀行存款-兆豐台南分行(支存),甲存-21320026566    (950818建檔),N,N,N,N,e04,2006/8/18,D,1103,銀行存款
1533,1,累計折舊-租賃改良物,累計折舊-裝潢(2013/6/27由租賃設備改為租賃改良物),N,N,N,N,e04,2013/6/27,C,1619,累計折舊-租賃資產
1853,1,累計折舊-租賃改良,累計折舊-租賃改良,N,N,N,N,e04,2001/5/22,C,e04,e04
1512,1,未完工程,e04,N,N,N,N,e04,2001/8/27,D,1671,未完工程
229202,2,內部應付款-退貨,過渡科目,N,N,N,N,e04,2002/5/7,C,e04,e04
229204,2,內部應付款-撥入,過渡科目,N,N,N,N,e04,2002/5/7,C,e04,e04
1502,1,土地,購買土地,N,N,Y,N,e04,2001/7/6,D,1501,土    地
1532,1,租賃改良物,2013/6/27由租賃設備改為租賃改良物,N,N,Y,N,e04,2013/6/27,D,1611,租賃資產
1522,1,廠房設備,營業廠房,N,N,Y,N,e04,2001/10/25,D,1521,房屋及建築
410204,4,銷貨收入-免稅,e04,N,N,N,N,e04,2002/4/10,C,e04,e04
410104,4,應稅銷貨收入-星巴克,e04,N,N,N,N,e04,2002/1/29,C,411A,銷貨收入
612894,6,推銷費用-服裝費,e04,Y,N,N,N,e04,2000/11/20,D,610A,推銷費用-關係人(自建)
9100,6,管理費用分攤,e04,N,N,N,N,e04,2002/1/15,C,e04,e04
8100,6,分攤管理費用,e04,N,N,N,N,e04,2002/1/15,D,e04,e04
110212,1,週轉金-花蓮,單位零用金,N,N,N,N,e04,2002/4/10,D,1102,零用金／週轉金
110214,1,週轉金-總部,零用金,N,N,N,N,e04,2002/4/10,D,1102,零用金／週轉金
110216,1,週轉金-大武崙,單位零用金,N,N,N,N,e04,2002/4/10,D,1102,零用金／週轉金
110218,1,週轉金-小港,單位零用金,N,N,N,N,e04,2002/4/10,D,1102,零用金／週轉金
110220,1,週轉金-土城,單位零用金,N,N,N,N,e04,2002/4/10,D,1102,零用金／週轉金
110222,1,週轉金-蘆竹,單位零用金,N,N,N,N,e04,2002/4/10,D,1102,零用金／週轉金
110224,1,週轉金-北斗,單位零用金,N,N,N,N,e04,2002/4/10,D,1102,零用金／週轉金
110226,1,週轉金-暖暖,單位零用金,N,N,N,N,e04,2002/4/10,D,1102,零用金／週轉金
111220,1,銀行存款-交銀台南(活),活51838,N,N,N,N,e04,2002/4/10,D,1103,銀行存款
111222,1,銀行存款-交銀台南(支),支26568,N,N,N,N,e04,2002/4/10,D,1103,銀行存款
122608,1,預付費用-租金,房屋租金、停車場租金,N,Y,N,N,INS,2002/6/25,D,1258,其他預付費用
129102,1,退貨內部應收款-超商,超商退貨,N,N,N,N,e04,2002/4/10,D,e04,e04
2800,2,其他負債,其他負債,N,e04,e04,Y,e04,1999/1/26,e04,e04,e04
3000,3,股東權益,股東權益,N,e04,e04,Y,e04,1999/3/15,e04,e04,e04
3200,3,公積及盈餘,公積及盈餘,N,e04,e04,Y,e04,1999/1/26,e04,e04,e04
3900,3,負債及股東權益總計,負債及股東權益,N,e04,e04,Y,e04,1999/1/26,e04,e04,e04
1101,1,庫存現金,庫存現金,N,N,N,N,e04,2002/1/17,D,1101,庫存現金
4000,4,營業收入淨額,營業淨額,N,e04,e04,Y,e04,1999/3/16,e04,e04,e04
4010,4,營業毛利,營業毛利,N,e04,e04,Y,e04,1999/1/26,e04,e04,e04
4020,4,營業利益,營業利益,N,e04,e04,Y,e04,1999/1/26,e04,e04,e04
4600,4,稅前淨利,稅前淨利,N,e04,e04,Y,e04,1999/1/26,e04,e04,e04
1854,1,遞延費用,各項生財器具之費用,N,Y,N,N,e04,2003/5/21,D,1838,其他遞延費用
1856,1,遞延所得稅資產-非流動,e04,N,N,N,N,e04,2019/9/3,D,1860,遞延所得稅資產－非流動
210202,2,短期借款-銀行短期借款,銀行短期借款,N,N,N,N,e04,1999/1/26,C,2102,銀行借款
210204,2,短期借款-應付商業本票,應付商本票,N,N,N,N,e04,1999/1/26,C,2111,應付短期票券
2144,2,應付帳款,e04,N,N,N,N,AP,1999/2/25,C,2153,應付帳款-關係人
2146,2,暫估應付款,e04,N,N,N,N,e04,1999/1/26,C,e04,e04
215210,2,應付費用-褔利費,福利費,N,N,N,N,e04,1999/1/26,C,217A,應付費用-關係人(自建)
215218,2,應付費用-租金,租金,N,N,N,N,e04,1999/1/26,C,217A,應付費用-關係人(自建)
215222,2,應付費用-勞健保費,勞健保費,N,N,N,N,e04,1999/1/26,C,217A,應付費用-關係人(自建)
215226,2,應付費用-退休金,退休金,N,N,N,N,e04,1999/1/26,C,217A,應付費用-關係人(自建)
215228,2,應付費用-利息,e04,N,N,N,N,e04,1999/1/26,C,217A,應付費用-關係人(自建)
215298,2,應付費用-其他,其他,N,N,N,N,AP,2002/8/14,C,217A,應付費用-關係人(自建)
2162,2,應納稅額,e04,N,N,N,N,e04,1999/1/26,C,e04,e04
228202,2,銷項稅額-銷項三聯,三聯式發票,N,N,N,N,SI2,2001/12/13,C,2214,銷項稅額
228204,2,銷項稅額-銷項二聯,二聯收銀機發票,N,N,N,N,SI2,2001/4/30,C,2214,銷項稅額
2802,2,應計退休金負債,e04,N,N,N,N,e04,2005/2/3,C,e04,e04
282604,2,暫收款-勞保費,勞保費,N,N,N,N,AP,2003/4/10,C,2281,暫收款
282606,2,暫收款-貨款,貨款,N,N,N,N,AP,2003/4/10,C,2281,暫收款
622866,6,管理費用-獎勵費,獎勵費,Y,N,N,N,e04,1999/3/4,D,620A,管理及總務費用-關係人(自建)
4700,4,稅後淨利,e04,N,e04,e04,Y,e04,1999/3/4,e04,e04,e04
622872,6,管理費用-職訓費,職訓費,Y,N,N,N,e04,1999/3/4,D,620A,管理及總務費用-關係人(自建)
622898,6,管理費用-雜費,雜費,Y,N,N,N,e04,1999/3/4,D,620A,管理及總務費用-關係人(自建)
5000,5,營業成本,e04,N,e04,e04,Y,e04,1999/3/4,e04,e04,e04
6000,6,營業費用,e04,Y,e04,e04,Y,e04,1999/2/1,e04,e04,e04
7100,7,營業外收入,e04,N,e04,e04,Y,e04,1999/3/4,e04,e04,e04
7500,7,營業外支出,e04,N,e04,e04,Y,e04,1999/3/4,e04,e04,e04
6200,6,管理費用,e04,Y,e04,e04,Y,e04,1999/2/1,e04,e04,e04
6100,6,推銷費用,e04,Y,e04,e04,Y,e04,1999/3/20,e04,e04,e04
2142,2,應付票據,e04,N,N,N,N,NP,1999/2/25,C,2131,應付票據-關係人
122604,1,預付費用-一般保險費,e04,N,Y,N,N,INS,1999/8/31,D,1258,其他預付費用
411202,4,其他營業收入-佣金收入,e04,N,N,N,N,e04,1999/3/3,C,e04,e04
411204,4,其他營業收入-維修收入,e04,N,N,N,N,e04,1999/3/3,C,e04,e04
111208,1,銀行存款-彰銀西台﹝活﹞,活38460-9,N,N,N,N,e04,1999/3/15,D,1103,銀行存款
749602,7,其他營業外收入-下腳品,e04,N,N,N,N,e04,1999/3/5,C,7480,什項收入
749604,7,其他營業外收入-固定租金收入,原租金，因應IFRS16租賃上線，20190101起名稱改為固定租金收入,N,N,N,N,e04,2019/1/31,C,7210,租金收入
749606,7,其他營業外收入-盤盈,e04,N,N,N,N,e04,1999/3/3,C,7480,什項收入
749608,7,其他營業外收入-其他,e04,N,N,N,N,e04,1999/3/3,C,7480,什項收入
111210,1,銀行存款-彰銀西台﹝支﹞,支3846-7,N,N,N,N,e04,1999/3/15,D,1103,銀行存款
511202,5,其他營業支出-廢損,e04,N,N,N,N,e04,1999/3/3,D,e04,e04
511204,5,其他營業支出-其他,e04,N,N,N,N,e04,1999/3/3,D,e04,e04
799202,7,其他營業外支出-盤損,e04,N,N,N,N,e04,1999/3/3,D,788A,什項支出-關係人(自建)
111212,1,銀行存款-合庫東台﹝活﹞,活1232717004568,N,N,N,N,e04,1999/3/29,D,1103,銀行存款
612810,6,推銷費用-舊制退休金,退休金,Y,N,N,N,e04,2006/2/14,D,610A,推銷費用-關係人(自建)
622810,6,管理費用-舊制退休金,退休金,Y,N,N,N,e04,2006/2/14,D,620A,管理及總務費用-關係人(自建)
111214,1,銀行存款-合庫東台﹝支﹞,支00436-8,N,N,N,N,e04,1999/3/29,D,1103,銀行存款
622894,6,管理費用-服裝費,e04,Y,N,N,N,e04,2000/11/20,D,620A,管理及總務費用-關係人(自建)
622815,6,管理費用-物流設備折舊,物流設備折舊,N,N,N,N,e04,2005/1/24,D,620A,管理及總務費用-關係人(自建)
622801,6,管理費用-薪資自提退休金,屬薪資性質因免課稅故另設,Y,N,N,N,e04,2005/8/1,D,620A,管理及總務費用-關係人(自建)
7106,7,處分資產收益,e04,N,N,N,N,e04,1999/2/1,C,7130,處分固定資產利益
799204,7,其他營業外支出-其他,e04,N,N,N,N,e04,1999/3/3,D,788A,什項支出-關係人(自建)
799404,7,其他營業外支出盤損-星巴克,盤損,N,N,N,N,e04,2002/4/10,D,788A,什項支出-關係人(自建)
799208,7,其他營業外支出-貨款差額,與供貨廠商之貨款差額,N,N,N,N,e04,2003/6/3,D,788A,什項支出-關係人(自建)
210402,2,銀行短期借款-彰化銀行,銀行短期借款(100/4/13新增),N,N,N,N,e04,2011/4/13,C,e04,e04
210404,2,銀行短期借款-中國信託,銀行短期借款(100/4/13新增),N,N,N,N,e04,2011/4/13,C,e04,e04
210406,2,銀行短期借款-兆豐銀行,銀行短期借款(100/4/13新增),N,N,N,N,e04,2011/4/13,C,e04,e04
210408,2,銀行短期借款-玉山銀行,銀行短期借款(100/4/13新增),N,N,N,N,e04,2011/4/13,C,e04,e04
218204,2,其他應付款-電匯/支票,費用類支付廠商支票(10010由215201改到此會科)(10706改電匯支票),N,N,N,N,AP,2018/7/2,C,2210,其他應付款項
218202,2,其他應付款-現金,支付憑證簽收單(100年10月由215290改到此會科),N,N,N,N,AP,2011/9/29,C,2210,其他應付款項
218200,2,其他應付款,e04,N,e04,e04,Y,e04,2017/7/5,e04,e04,e04
122612,1,預付費用-車輛稅捐,車輛稅捐,Y,Y,N,N,e04,2012/4/23,D,1258,其他預付費用
122614,1,預付費用-一般稅捐,一般稅捐,Y,Y,N,N,e04,2012/5/23,D,1258,其他預付費用
110240,1,週轉金-大社,大社DC新設週轉金101/7/09,N,N,N,N,e04,2012/7/9,D,e04,e04
218208,2,其他應付款-中信網銀,應網路銀行交易/差旅及員工匯款專用(101/11/1/建立),N,N,N,N,AP,2012/11/1,C,2210,其他應付款項
282650,2,暫收款-補充保費,二代健保補充保費-101/12/17建,N,N,N,N,AP,2012/12/17,C,2281,暫收款
512870,5,物流成本-系統維護費,系統維護費,Y,N,N,N,e04,2013/1/4,D,5600,勞務成本
512872,5,物流成本-職訓費,職訓費,Y,N,N,N,e04,2013/1/4,D,5600,勞務成本
282648,2,暫收款-福儲信託,代收自選式福利福儲信託,N,N,N,N,AP,2016/12/7,C,2281,暫收款
110236,1,週轉金-高雄DC,高雄DC新設週轉金1/25,N,N,N,N,e04,2007/1/25,D,1102,零用金／週轉金
130004,1,採權益法之長期股權投資,96/1/29因應5號公報長期投資更改,N,N,N,N,e04,2007/1/29,D,1421,採權益法之長期股權投資
512806,5,物流成本-加班費,e04,Y,N,N,N,e04,2013/1/4,D,5600,勞務成本
512812,5,物流成本-勞健保費,勞健保費,Y,N,N,N,e04,2013/1/4,D,5600,勞務成本
512816,5,物流成本-租金,租金 因應20190101 IFRS16租賃上線，此會科20181231終止使用,Y,N,N,N,e04,2019/1/31,D,5600,勞務成本
512818,5,物流成本-其他折舊,折舊,Y,N,N,N,e04,2013/1/4,D,5600,勞務成本
512822,5,物流成本-運費,運費,Y,N,N,N,e04,2013/1/4,D,5600,勞務成本
512824,5,物流成本-郵電費,郵電費,Y,N,N,N,e04,2013/1/4,D,5600,勞務成本
512828,5,物流成本-車輛維修費,車輛維修費,Y,N,N,N,e04,2013/1/4,D,5600,勞務成本
512832,5,物流成本-包裝費,包裝費,Y,N,N,N,e04,2013/1/4,D,5600,勞務成本
512834,5,物流成本-一般保險費,一般保險費,Y,N,N,N,e04,2013/1/4,D,5600,勞務成本
512838,5,物流成本-國外旅費,國外旅費,Y,N,N,N,e04,2013/1/4,D,5600,勞務成本
512840,5,物流成本-交通費,交通費,Y,N,N,N,e04,2013/1/4,D,5600,勞務成本
512844,5,物流成本-捐贈,捐贈,Y,N,N,N,e04,2013/1/4,D,5600,勞務成本
512846,5,物流成本-一般稅捐,稅捐,Y,N,N,N,e04,2013/1/4,D,5600,勞務成本
512850,5,物流成本-技術指導費,佣金,Y,N,N,N,e04,2013/1/4,D,5600,勞務成本
512852,5,物流成本-書報雜誌,書報雜誌,Y,N,N,N,e04,2013/1/4,D,5600,勞務成本
512856,5,物流成本-會議餐費,會議餐費,Y,N,N,N,e04,2013/1/4,D,5600,勞務成本
512860,5,物流成本-勞務費,勞務費,Y,N,N,N,e04,2013/1/4,D,5600,勞務成本
512862,5,物流成本-雜項購置,雜項購置,Y,N,N,N,e04,2013/1/4,D,5600,勞務成本
642876,6,環支管理-清潔費,樂清、病虫防害、消毒、垃圾處理9602啟用,N,N,N,N,e04,2008/6/5,D,e04,e04
642898,6,環支管理-雜費,雜費,Y,N,N,N,e04,2007/10/19,D,e04,e04
642870,6,環支管理-系統維護費,e04,Y,N,N,N,e04,2007/10/19,D,e04,e04
799210,7,營業外支出-匯兌損失,外幣兌換損益970513,N,N,N,N,e04,2008/5/13,D,7560,兌換損失
749614,7,營業外收入-匯兌收益,外幣兌換損益970513,N,N,N,N,e04,2008/5/13,C,7160,兌換利益
282614,2,暫收款-百華,代收代付百華交易過渡科目97/08/21,N,N,N,N,e04,2008/8/21,C,2281,暫收款
111240,1,銀行存款-玉山台南分行﹝支﹞,97/12/29應借款(玉山商業銀行)0152435056616,N,N,Y,N,e04,2008/12/25,D,1103,銀行存款
111238,1,銀行存款-玉山台南分行﹝活﹞,97/12/29應借款(玉山商業銀行)0152940010383,N,N,Y,N,e04,2008/12/25,D,1103,銀行存款
3310,3,累積換算調整數,海外轉投資匯率影響,N,N,N,N,e04,2009/2/10,C,3420,累積換算調整數
612805,6,推銷費用-免稅薪資,9802職災補貼,Y,N,N,N,e04,2009/2/17,D,610A,推銷費用-關係人(自建)
622805,6,管理費用-免稅薪資,9802職災補貼,Y,N,N,N,e04,2009/2/17,D,620A,管理及總務費用-關係人(自建)
612878,6,推銷費用-其他用品,可延續性使用、現場營業相關用品之特性物品9901啟用,N,N,N,N,e04,2010/1/14,D,610A,推銷費用-關係人(自建)
622878,6,管理費用-其他用品,可延續性使用、現場營業相關用品之特性物品9901啟用,N,N,N,N,e04,2010/1/20,D,620A,管理及總務費用-關係人(自建)
632878,6,環支推銷-其他用品,可延續性使用、現場營業相關用品之特性物品9901啟用990802更正,N,N,N,N,e04,2010/8/2,D,e04,e04
642878,6,環支管理-其他用品,可延續性使用、現場營業相關用品之特性物品9901啟用,N,N,N,N,e04,2012/2/29,D,e04,e04
6600,6,當期所得稅費用,每月依稅前淨利還原長投損益*.2(於稅前盈餘後)-105/12修,N,N,N,N,e04,2016/12/28,D,8111,所得稅費用（利益）
1702,1,遞延退休金成本,無形資產-遞延退休金成本(退休金精算),N,N,N,N,e04,2011/1/5,D,1770,遞延退休金成本
3312,3,未認列退休金成本之淨損失,股東權益減項-未認列退休金成本之淨損失(退休金精算),N,N,N,N,e04,2014/8/18,C,3430,未認列為退休金成本之淨損失
1700,1,無形資產,e04,N,e04,e04,Y,e04,2011/1/5,e04,e04,e04
2291,2,內部應付款,e04,N,e04,e04,Y,e04,2002/4/10,e04,e04,e04
4105,4,銷貨折讓,應稅品折讓,N,e04,e04,Y,e04,2002/7/9,e04,e04,e04
4107,4,銷貨退回,應稅及免品退回,N,e04,e04,Y,e04,2002/8/7,e04,e04,e04
240206,2,長期借款-彰化銀行,長期借款,N,N,N,N,e04,2002/4/22,C,2421,銀行長期借款
5101,5,銷貨成本,e04,N,e04,e04,Y,e04,2002/4/10,e04,e04,e04
7497,7,其他營業外收入,e04,N,e04,e04,Y,e04,2002/4/10,e04,e04,e04
4120,4,內部營業收入,內部,N,N,N,N,e04,2002/4/13,C,e04,e04
1284,1,留抵稅額,稅額,N,N,N,N,e04,2002/5/7,D,1265,留抵稅額
410802,4,免稅銷貨折讓-超商,免稅品退貨,N,N,N,N,e04,2002/7/11,D,4190,銷貨折讓
410804,4,免稅銷貨折讓-星巴克,免稅品退回,N,N,N,N,e04,2002/7/11,D,4190,銷貨折讓
410902,4,免稅銷貨退回-超商,免稅品折讓,N,N,N,N,e04,2002/7/11,D,4170,銷貨退回
4108,4,銷貨退回,免稅品退回,N,e04,e04,Y,e04,2002/7/9,e04,e04,e04
4109,4,銷貨折讓,免稅品折讓,N,e04,e04,Y,e04,2002/7/9,e04,e04,e04
215224,2,應付費用-退休金準備,員工退休金,N,N,N,N,e04,2002/8/14,C,217A,應付費用-關係人(自建)
16028,6,人事成本,e04,N,e04,e04,Y,e04,2002/8/19,e04,e04,e04
26028,6,運輸成本,e04,N,e04,e04,Y,e04,2005/7/12,e04,e04,e04
36028,6,外包運費,e04,N,e04,e04,Y,e04,2005/7/12,e04,e04,e04
46028,6,資訊成本,e04,N,e04,e04,Y,e04,2002/8/19,e04,e04,e04
56028,6,租金成本,e04,N,e04,e04,Y,e04,2002/8/19,e04,e04,e04
66028,6,水電成本,e04,N,e04,e04,Y,e04,2002/8/19,e04,e04,e04
282624,2,暫收款-停車費(新市),暫收員工停車費,N,N,N,N,AP,2003/4/10,C,2281,暫收款
86028,6,交通旅費,e04,N,e04,e04,Y,e04,2002/8/19,e04,e04,e04
96028,6,其他成本,e04,N,e04,e04,Y,e04,2002/8/19,e04,e04,e04
282622,2,暫收款-法院扣款,個人暫收款,N,N,N,N,AP,2003/4/10,C,2281,暫收款
282626,2,暫收款-個人保險費,暫收員工個人保費,N,N,N,N,AP,2003/4/10,C,2281,暫收款
282628,2,暫收款-員工福儲,暫收員工福利儲蓄費,N,N,N,N,AP,2003/4/10,C,2281,暫收款
282630,2,暫收款-員工伙食,暫收員工餐費,N,N,N,N,AP,2003/4/10,C,2281,暫收款
183006,1,其他暫付款-公司委發,主管自選由公司委發,N,N,N,N,e04,2003/3/19,D,e04,e04
282632,2,暫收款-急難救助借款,員工借款,N,N,N,N,AP,2003/4/10,C,2281,暫收款
612824,6,推銷費用-郵電費,郵電費,Y,N,N,N,e04,1999/3/20,D,610A,推銷費用-關係人(自建)
612828,6,推銷費用-車輛維修費,車輛維修費,Y,N,N,N,e04,1999/3/20,D,610A,推銷費用-關係人(自建)
612832,6,推銷費用-包裝費,包裝費,Y,N,N,N,e04,1999/3/20,D,610A,推銷費用-關係人(自建)
612834,6,推銷費用-一般保險費,一般保險費,Y,N,N,N,e04,1999/3/20,D,610A,推銷費用-關係人(自建)
612838,6,推銷費用-國外旅費,國外旅費,Y,N,N,N,e04,1999/3/20,D,610A,推銷費用-關係人(自建)
612840,6,推銷費用-交通費,交通費,Y,N,N,N,e04,1999/3/20,D,610A,推銷費用-關係人(自建)
612844,6,推銷費用-捐贈,捐贈,Y,N,N,N,e04,1999/3/20,D,610A,推銷費用-關係人(自建)
612846,6,推銷費用-一般稅捐,稅捐,Y,N,N,N,e04,2000/3/28,D,610A,推銷費用-關係人(自建)
612850,6,推銷費用-技術指導費,佣金,Y,N,N,N,e04,2002/6/3,D,610A,推銷費用-關係人(自建)
612852,6,推銷費用-書報雜誌,書報雜誌,Y,N,N,N,e04,1999/3/20,D,610A,推銷費用-關係人(自建)
612856,6,推銷費用-會議餐費,會議餐費,Y,N,N,N,e04,1999/3/20,D,610A,推銷費用-關係人(自建)
612860,6,推銷費用-勞務費,勞務費,Y,N,N,N,e04,1999/3/20,D,610A,推銷費用-關係人(自建)
612862,6,推銷費用-雜項購置,雜項購置,Y,N,N,N,e04,1999/3/20,D,610A,推銷費用-關係人(自建)
612866,6,推銷費用-獎勵費,獎勵費,Y,N,N,N,e04,1999/3/20,D,610A,推銷費用-關係人(自建)
16128,6,人事成本,e04,N,e04,e04,Y,e04,2000/11/20,e04,e04,e04
16228,6,人事成本,e04,N,e04,e04,Y,e04,2000/11/20,e04,e04,e04
26128,6,運輸成本,e04,N,e04,e04,Y,e04,2000/11/20,e04,e04,e04
26228,6,運輸成本,e04,N,e04,e04,Y,e04,2000/11/20,e04,e04,e04
36128,6,外包運費,e04,N,e04,e04,Y,e04,2000/11/20,e04,e04,e04
36228,6,外包運費,e04,N,e04,e04,Y,e04,2000/11/20,e04,e04,e04
46128,6,資訊成本,e04,N,e04,e04,Y,e04,2000/11/20,e04,e04,e04
46228,6,資訊成本,e04,N,e04,e04,Y,e04,2000/11/20,e04,e04,e04
56128,6,租金成本,e04,N,e04,e04,Y,e04,2000/11/20,e04,e04,e04
56228,6,租金成本,e04,N,e04,e04,Y,e04,2000/11/20,e04,e04,e04
66128,6,水電成本,e04,N,e04,e04,Y,e04,2000/11/20,e04,e04,e04
66228,6,水電成本,e04,N,e04,e04,Y,e04,2000/11/20,e04,e04,e04
76128,6,文具用品,e04,N,e04,e04,Y,e04,2000/11/20,e04,e04,e04
76228,6,文具用品,e04,N,e04,e04,Y,e04,2000/11/20,e04,e04,e04
86128,6,交通旅費,e04,N,e04,e04,Y,e04,2000/11/20,e04,e04,e04
2172,2,應付所得稅,e04,N,N,N,N,e04,2000/3/28,C,2160,應付所得稅
612845,6,推銷費用-車輛稅捐,e04,Y,N,N,N,e04,2000/3/28,D,610A,推銷費用-關係人(自建)
612819,6,推銷費用-資訊設備折舊,e04,Y,N,N,N,e04,2000/3/28,D,610A,推銷費用-關係人(自建)
622817,6,管理費用-運輸設備折舊,e04,Y,N,N,N,e04,2000/3/28,D,620A,管理及總務費用-關係人(自建)
110210,1,週轉金-麻豆,e04,N,N,N,N,e04,2002/7/11,D,1102,零用金／週轉金
111218,1,銀行存款-土銀新市(活),活-003143,N,N,N,N,e04,2000/4/24,D,1103,銀行存款
240202,2,長期借款-交通銀行,e04,N,N,N,N,e04,2000/8/3,C,2421,銀行長期借款
240204,2,長期借款-統一東京,e04,N,N,N,N,e04,2000/8/3,C,2421,銀行長期借款
2402,2,長期借款,e04,N,e04,e04,Y,e04,2000/8/3,e04,e04,e04
122606,1,預付費用-利息,e04,N,Y,N,N,INS,2000/8/17,D,1258,其他預付費用
612868,6,推銷費用-管理服務費,保全，統一企業外派來工務總工室收取之費用,Y,N,N,N,e04,2000/10/5,D,610A,推銷費用-關係人(自建)
110202,1,週轉金-新市,新市,N,N,N,N,e04,1999/1/26,D,1102,零用金／週轉金
110204,1,週轉金-台中,台中,N,N,N,N,e04,1999/1/26,D,1102,零用金／週轉金
110206,1,週轉金-鶯歌,鶯歌,N,N,N,N,e04,1999/1/26,D,1102,零用金／週轉金
111202,1,銀行存款-定期存款,定期存款,N,N,N,N,e04,1999/1/26,D,1103,銀行存款
111204,1,銀行存款-萬通台南﹝支﹞,支1766-6,N,N,N,N,e04,1999/3/15,D,1103,銀行存款
111206,1,銀行存款-萬通台南﹝活﹞,活1166-6,N,N,N,N,e04,1999/3/15,D,1103,銀行存款
112202,1,短期投資-股票,股票,N,N,N,N,e04,1999/1/26,D,e04,e04
112204,1,短期投資-共同基金,共同基金,N,N,N,N,e04,1999/1/26,D,e04,e04
112212,1,短期投資-商業本票,商業本票,N,N,N,N,e04,1999/1/26,D,e04,e04
1123,1,備扺短期投資損失,e04,N,N,N,N,e04,1999/3/15,C,e04,e04
1142,1,應收票據,e04,N,N,N,N,NR,1999/1/26,D,1131,應收票據-關係人
1143,1,備扺呆帳--應收票據,應收票據,N,N,N,N,e04,1999/3/15,C,1129,備抵呆帳-應收票據
1144,1,應收帳款,e04,N,N,N,N,AR,1999/3/8,D,1153,應收帳款-關係人
1145,1,備扺呆帳--應收帳款,應收帳款,N,N,N,N,e04,1999/3/15,C,1149,備抵呆帳-應收帳款-分期帳款及租賃款
110238,1,週轉金-觀音DC,觀音DC新設週轉金100/1/11,N,N,N,N,e04,2011/1/11,D,e04,e04
3202,3,資本公積,e04,N,N,N,N,e04,1999/2/1,C,32xx,資本公積
410102,4,應稅銷貨收入-超商,e04,N,N,N,N,e04,2001/11/15,C,411A,銷貨收入
5107,5,暫估料價差額,e04,N,e04,e04,Y,e04,2002/4/10,e04,5110,銷貨成本
410904,4,免稅銷貨退回-星巴克,免稅品折讓,N,N,N,N,e04,2002/7/11,D,4170,銷貨退回
411206,4,其他營業收入-其他,e04,N,N,N,N,e04,1999/3/3,C,480A,其他營業收入-關係人(自建)
411208,4,其他營業收入-其他配送收入,業外收入,N,N,N,N,e04,2002/4/10,C,480A,其他營業收入-關係人(自建)
612898,6,推銷費用-雜費,雜費,Y,N,N,N,e04,1999/3/20,D,610A,推銷費用-關係人(自建)
612835,6,推銷費用-車輛保險費,e04,Y,N,N,N,e04,1999/3/20,D,610A,推銷費用-關係人(自建)
612817,6,推銷費用-運輸設備折舊,e04,Y,N,N,N,e04,2000/3/28,D,610A,推銷費用-關係人(自建)
612802,6,推銷費用-薪資津貼,e04,Y,N,N,N,e04,1999/3/20,D,610A,推銷費用-關係人(自建)
612808,6,推銷費用-工資津貼,e04,Y,N,N,N,e04,1999/3/20,D,610A,推銷費用-關係人(自建)
612814,6,推銷費用-車輛路橋費,車輛路橋費,Y,N,N,N,e04,1999/3/20,D,610A,推銷費用-關係人(自建)
612820,6,推銷費用-文具,文具,Y,N,N,N,e04,1999/3/20,D,610A,推銷費用-關係人(自建)
612826,6,推銷費用-水電費,水電費,Y,N,N,N,e04,1999/3/20,D,610A,推銷費用-關係人(自建)
612830,6,推銷費用-一般修繕費,一般修繕費,Y,N,N,N,e04,1999/3/20,D,610A,推銷費用-關係人(自建)
612836,6,推銷費用-國內旅費,國內旅費,Y,N,N,N,e04,1999/3/20,D,610A,推銷費用-關係人(自建)
612842,6,推銷費用-交際費,交際費,Y,N,N,N,e04,1999/3/20,D,610A,推銷費用-關係人(自建)
612848,6,推銷費用-福利費,福利費,Y,N,N,N,e04,1999/3/20,D,610A,推銷費用-關係人(自建)
612854,6,推銷費用-政府規費,政府規費,Y,N,N,N,e04,1999/3/20,D,610A,推銷費用-關係人(自建)
612858,6,推銷費用-汽油費,汽油費,Y,N,N,N,e04,1999/3/20,D,610A,推銷費用-關係人(自建)
612864,6,推銷費用-呆帳損失,呆帳損失,Y,N,N,N,e04,1999/3/20,D,610A,推銷費用-關係人(自建)
282634,2,暫收款-捷盟便利購代扣款,員工便利購扣款,N,N,N,N,AP,2003/4/10,C,2281,暫收款
282636,2,暫收款-伙食團(150),代扣員工清潔費150,N,N,N,N,AP,2003/4/11,C,2281,暫收款
282638,2,暫收款-互助費(統昶),代扣員工互助費,N,N,N,N,AP,2003/4/10,C,2281,暫收款
282640,2,暫收款-停車費(中、壢),代扣員工停車費,N,N,N,N,AP,2005/9/8,C,2281,暫收款
282642,2,暫收款-停車費(麻豆),代扣員工停車費,N,N,N,N,AP,2003/4/10,C,2281,暫收款
749610,7,其他營業外收入-離島補貼,與供貨廠商離島差額補貼,N,N,N,N,e04,2003/6/3,C,7480,什項收入
282698,2,暫收款-其他,員工其它暫收款,N,N,N,N,AP,2003/4/10,C,2281,暫收款
282602,2,暫收款-薪資,代扣員工款項,N,N,N,N,AP,2003/4/10,C,2281,暫收款
282699,2,暫收款-過渡,廠商匯款沖帳,N,N,N,N,e04,2003/4/16,C,2281,暫收款
215202,2,應付費用-薪資,員工薪資,N,N,N,N,AP,2003/5/7,C,217A,應付費用-關係人(自建)
799206,7,其他營業外支出-離島補貼,與供貨廠商離島補貼差額,N,N,N,N,e04,2003/6/3,D,788A,什項支出-關係人(自建)
749612,7,其他營業外收入-貨款差額,與供貨廠商之貨款差額,N,N,N,N,e04,2003/6/3,C,7480,什項收入
183008,1,其他暫付款-外包評鑑,業外物流土評鑑獎勵,N,N,N,N,e04,2003/8/14,D,e04,e04
612874,6,推銷費用-廣告費,LOGO製作廣告,Y,N,N,N,e04,2003/10/2,D,610A,推銷費用-關係人(自建)
622874,6,管理費用-廣告費,LOGO廣告,Y,N,N,N,e04,2003/10/1,D,620A,管理及總務費用-關係人(自建)
111224,1,銀行存款-合庫成功(活),(活)-0310717065599,N,N,N,N,e04,2003/12/23,D,1103,銀行存款
111226,1,銀行存款-合庫成功(支),(支)-057299,N,N,N,N,e04,2003/12/23,D,1103,銀行存款
282644,2,暫收款-員工,代扣員工-昶暉社,N,N,N,N,AP,2003/10/24,C,2281,暫收款
111228,1,銀行存款-中國信託中台南(活),活-1043530006247,N,N,N,N,e04,2003/12/23,D,1103,銀行存款
111230,1,銀行存款-中國信託中台南(支),支-104300015141,N,N,N,N,e04,2003/12/23,D,1103,銀行存款
110228,1,週轉金-楊梅,單位零用金,N,N,N,N,e04,2004/2/17,D,1102,零用金／週轉金
622803,6,管理費用-理貨外包,人力銀行派遣員工(原中文名稱人力派遣107/4起異動為理貨外包),Y,N,N,N,e04,2018/5/2,D,620A,管理及總務費用-關係人(自建)
512866,5,物流成本-獎勵費,獎勵費,Y,N,N,N,e04,2013/1/4,D,5600,勞務成本
512894,5,物流成本-服裝費,e04,Y,N,N,N,e04,2013/1/4,D,5600,勞務成本
512874,5,物流成本-廣告費,LOGO製作廣告,Y,N,N,N,e04,2013/1/4,D,5600,勞務成本
512815,5,物流成本-物流設備折舊,物流設備折舊,N,N,N,N,e04,2013/1/4,D,5600,勞務成本
512821,5,物流成本-水電設備折舊,水電設備之折舊,N,N,N,N,e04,2013/1/4,D,5600,勞務成本
512811,5,物流成本-新制退休金,9407起用,N,N,N,N,e04,2013/1/4,D,5600,勞務成本
512876,5,物流成本-清潔費,樂清、病虫防害、消毒、垃圾處理9602啟用9609用品改費,N,N,N,N,e04,2013/1/4,D,5600,勞務成本
512805,5,物流成本-免稅薪資,9802職災補貼,Y,N,N,N,e04,2013/1/4,D,5600,勞務成本
512878,5,物流成本-其他用品,可延續性使用、現場營業相關用品之特性物品9901啟用,N,N,N,N,e04,2013/1/4,D,5600,勞務成本
512898,5,物流成本-雜費,雜費,Y,N,N,N,e04,2013/1/4,D,5600,勞務成本
512835,5,物流成本-車輛保險費,e04,Y,N,N,N,e04,2013/1/4,D,5600,勞務成本
512817,5,物流成本-運輸設備折舊,e04,Y,N,N,N,e04,2013/1/4,D,5600,勞務成本
512802,5,物流成本-薪資津貼,e04,Y,N,N,N,e04,2013/1/4,D,5600,勞務成本
512808,5,物流成本-工資津貼,e04,Y,N,N,N,e04,2013/1/4,D,5600,勞務成本
512814,5,物流成本-車輛路橋費,車輛路橋費,Y,N,N,N,e04,2013/1/4,D,5600,勞務成本
512820,5,物流成本-文具,文具,Y,N,N,N,e04,2013/1/4,D,5600,勞務成本
512826,5,物流成本-水電費,水電費,Y,N,N,N,e04,2013/1/4,D,5600,勞務成本
512830,5,物流成本-一般修繕費,一般修繕費,Y,N,N,N,e04,2013/1/4,D,5600,勞務成本
512836,5,物流成本-國內旅費,國內旅費,Y,N,N,N,e04,2013/1/4,D,5600,勞務成本
512842,5,物流成本-交際費,交際費,Y,N,N,N,e04,2013/1/4,D,5600,勞務成本
512848,5,物流成本-福利費,福利費,Y,N,N,N,e04,2013/1/4,D,5600,勞務成本
512854,5,物流成本-政府規費,政府規費,Y,N,N,N,e04,2013/1/4,D,5600,勞務成本
512858,5,物流成本-汽油費,汽油費,Y,N,N,N,e04,2013/1/4,D,5600,勞務成本
512864,5,物流成本-呆帳損失,呆帳損失,Y,N,N,N,e04,2013/1/4,D,5600,勞務成本
512803,5,物流成本-理貨外包,人力銀行派遣員工(原中文名稱人力派遣107/4起異動為理貨外包),Y,N,N,N,e04,2018/5/2,D,5600,勞務成本
512801,5,物流成本-薪資自提退休金,屬薪資性質因免課稅故另設科目,Y,N,N,N,e04,2013/1/4,D,5600,勞務成本
532820,5,環支物流成本-文具,文具,Y,N,N,N,e04,2013/1/4,D,5600,勞務成本
532824,5,環支物流成本-郵電費,郵電費,Y,N,N,N,e04,2013/1/4,D,5600,勞務成本
532826,5,環支物流成本-水電費,水電費,Y,N,N,N,e04,2013/1/4,D,5600,勞務成本
532830,5,環支物流成本-一般修繕費,一般修繕費,Y,N,N,N,e04,2013/1/4,D,5600,勞務成本
532836,5,環支物流成本-國內旅費,國內旅費,Y,N,N,N,e04,2013/1/4,D,5600,勞務成本
532840,5,環支物流成本-交通費,交通費,Y,N,N,N,e04,2013/1/4,D,5600,勞務成本
532852,5,環支物流成本-書報雜誌,書報雜誌,Y,N,N,N,e04,2013/1/4,D,5600,勞務成本
622876,6,管理費用-清潔費,樂清、病虫防害、消毒、垃圾處理9602啟用,N,N,N,N,e04,2008/6/5,D,620A,管理及總務費用-關係人(自建)
612876,6,推銷費用-清潔費,樂清、病虫防害、消毒、垃圾處理9602啟用9609用品改費,N,N,N,N,e04,2008/6/5,D,610A,推銷費用-關係人(自建)
632820,6,環支推銷-文具,文具,Y,N,N,N,e04,2007/10/19,D,e04,e04
632824,6,環支推銷-郵電費,郵電費,Y,N,N,N,e04,2007/10/19,D,e04,e04
632826,6,環支推銷-水電費,水電費,Y,N,N,N,e04,2007/10/19,D,e04,e04
632830,6,環支推銷-一般修繕費,一般修繕費,Y,N,N,N,e04,2007/10/19,D,e04,e04
632836,6,環支推銷-國內旅費,國內旅費,Y,N,N,N,e04,2007/10/19,D,e04,e04
632840,6,環支推銷-交通費,交通費,Y,N,N,N,e04,2007/10/19,D,e04,e04
632852,6,環支推銷-書報雜誌,書報雜誌,Y,N,N,N,e04,2007/10/19,D,e04,e04
632862,6,環支推銷-雜項購置,雜項購置,Y,N,N,N,e04,2007/10/19,D,e04,e04
632870,6,環支推銷-系統維護費,系統維護費,Y,N,N,N,e04,2007/10/19,D,e04,e04
632872,6,環支推銷-職訓費,職訓費,Y,N,N,N,e04,2007/10/19,D,e04,e04
632876,6,環支推銷-清潔費,樂清、病虫防害、消毒、垃圾處理9602啟用9609用品改費,N,N,N,N,e04,2008/6/5,D,e04,e04
632898,6,環支推銷-雜費,雜費,Y,N,N,N,e04,2007/10/19,D,e04,e04
642820,6,環支管理-文具,文具,Y,N,N,N,e04,2007/10/19,D,e04,e04
642824,6,環支管理-郵電費,郵電費,Y,N,N,N,e04,2007/10/19,D,e04,e04
642826,6,環支管理-水電費,水電費,Y,N,N,N,e04,2007/10/19,D,e04,e04
642830,6,環支管理-一般修繕費,一般修繕費,Y,N,N,N,e04,2007/10/19,D,e04,e04
642836,6,環支管理-國內旅費,國內旅費,Y,N,N,N,e04,2007/10/19,D,e04,e04
642840,6,環支管理-交通費,交通費,Y,N,N,N,e04,2007/10/19,D,e04,e04
642852,6,環支管理-書報雜誌,書報雜誌,Y,N,N,N,e04,2007/10/19,D,e04,e04
642862,6,環支管理-雜項購置,雜項購置,Y,N,N,N,e04,2007/10/19,D,e04,e04
642872,6,環支管理-職訓費,職訓費,Y,N,N,N,e04,2007/10/19,D,e04,e04
129104,1,退貨內部應收款-星巴克,星巴克退貨,N,N,N,N,e04,2002/4/10,D,e04,e04
129202,1,內部應收款-退貨,退貨,N,N,N,N,e04,2002/4/10,D,e04,e04
129204,1,內部應收款-撥出,撥出,N,N,N,N,e04,2002/4/10,D,e04,e04
130002,1,長期投資-捷盛,長期投資,N,N,N,N,e04,2002/4/10,D,e04,e04
183004,1,其他暫付款-福利會,福利會,N,N,N,N,e04,2002/4/10,D,e04,e04
214502,2,暫估應付款-超商,超商,N,N,N,N,e04,2002/4/10,C,2144,暫估應付帳款
214504,2,暫估應付款-星巴克,星巴克,N,N,N,N,e04,2002/4/10,C,2144,暫估應付帳款
229102,2,退貨內部應付款-超商,超商,N,N,N,N,e04,2002/4/10,C,e04,e04
229104,2,退貨內部應付款-星巴克,星巴克,N,N,N,N,e04,2002/4/10,C,e04,e04
410302,4,免稅銷貨收入-超商,超商,N,N,N,N,e04,2002/4/10,C,411A,銷貨收入
410304,4,免稅銷貨收入-星巴克,星巴克,N,N,N,N,e04,2002/4/10,C,411A,銷貨收入
410502,4,應稅銷貨折讓-超商,超商,N,N,N,N,e04,2002/4/10,C,e04,e04
410504,4,應稅銷貨折讓-星巴克,星巴克,N,N,N,N,e04,2002/4/10,C,e04,e04
410702,4,應稅銷貨退回-超商,超商,N,N,N,N,e04,2002/4/10,C,4170,銷貨退回
410704,4,應稅銷貨退回-星巴克,星巴克,N,N,N,N,e04,2002/4/10,C,4170,銷貨退回
411210,4,其他營業收入-配送收入,業外收入,N,N,N,N,e04,2002/4/10,C,480A,其他營業收入-關係人(自建)
510102,5,銷貨成本-超商,超商,N,N,N,N,e04,2002/4/10,D,5110,銷貨成本
510104,5,銷貨成本-星巴克,星巴克,N,N,N,N,e04,2002/4/10,D,5110,銷貨成本
510702,5,暫估料價差額-超商,超商,N,N,N,N,e04,2002/4/10,D,5110,銷貨成本
510704,5,暫估料價差額-星巴克,星巴克,N,N,N,N,e04,2002/4/10,D,5110,銷貨成本
5120,5,內部營業支出,營業支出,N,N,N,N,e04,2002/4/10,D,e04,e04
749702,7,其他營業外收入盤盈-超商,業外收入,N,N,N,N,e04,2002/4/10,C,7480,什項收入
749704,7,其他營業外收入盤盈-星巴克,業外收入,N,N,N,N,e04,2002/4/10,C,7480,什項收入
799402,7,其他營業外支出盤損-超商,盤損,N,N,N,N,e04,2002/4/10,D,788A,什項支出-關係人(自建)
1291,1,內部應收款,e04,N,e04,e04,Y,e04,2002/4/10,e04,e04,e04
1300,1,長期投資,捷盛,N,e04,e04,Y,e04,2002/4/10,e04,e04,e04
2145,2,暫估應付款,e04,N,e04,e04,Y,e04,2002/4/10,e04,e04,e04
282608,2,暫收款-健保費,健保費,N,N,N,N,AP,2003/4/10,C,2281,暫收款
282612,2,暫收款-稅捐,稅捐,N,N,N,N,AP,2003/4/10,C,2281,暫收款
282616,2,暫收款-團保費,團保費,N,N,N,N,AP,2003/4/10,C,2281,暫收款
282618,2,暫收款-互助費(統一),互助會,N,N,N,N,AP,2003/4/10,C,2281,暫收款
282620,2,暫收款-福利會,福利會,N,N,N,N,AP,2003/4/10,C,2281,暫收款
5102,5,銷貨成本,e04,N,N,N,N,e04,1999/2/1,D,5110,銷貨成本
3102,3,股本,e04,N,N,N,N,e04,1999/2/1,C,e04,e04
3204,3,法定公積,e04,N,N,N,N,e04,1999/2/1,C,3310,法定盈餘公積
3206,3,特別公積,e04,N,N,N,N,e04,1999/2/1,C,3320,特別盈餘公積
3208,3,累計盈虧,e04,N,N,N,N,e04,1999/2/1,C,3351,累積盈虧
3210,3,本期損益,e04,N,N,N,N,e04,1999/2/1,C,e04,e04
3211,3,未實現長期投資損失,e04,N,N,N,N,e04,1999/3/4,C,e04,e04
3221,3,所得稅費用,e04,N,N,N,N,e04,1999/3/15,D,e04,e04
410202,4,銷貨收入-應稅,e04,N,N,N,N,e04,2002/4/10,C,e04,e04
4106,4,銷貨退回,e04,N,N,N,N,e04,1999/3/15,D,e04,e04
5108,5,暫估料價差額,e04,N,N,N,N,e04,1999/3/15,C,e04,e04
7102,7,利息收入,e04,N,N,N,N,e04,1999/2/1,C,7110,利息收入
7104,7,投資收益,e04,N,N,N,N,e04,1999/2/1,C,7120,投資收益
7105,7,處分投資收益,e04,N,N,N,N,e04,1999/2/1,C,e04,e04
7502,7,利息支出,e04,N,N,N,N,e04,1999/2/1,D,7510,利息費用
7504,7,投資損失,e04,N,N,N,N,e04,1999/2/1,D,7520,投資損失
7505,7,處分投資損失,e04,N,N,N,N,e04,1999/2/1,D,e04,e04
7506,7,處分資產損失,e04,N,N,N,N,e04,1999/2/1,D,7530,處分固定資產損失
612804,6,推銷費用-伙食津貼,e04,Y,N,N,N,e04,1999/3/20,D,610A,推銷費用-關係人(自建)
612806,6,推銷費用-加班費,e04,Y,N,N,N,e04,1999/3/20,D,610A,推銷費用-關係人(自建)
612812,6,推銷費用-勞健保費,勞健保費,Y,N,N,N,e04,1999/3/20,D,610A,推銷費用-關係人(自建)
612816,6,推銷費用-租金,租金 因應20190101 IFRS16租賃上線，此會科20181231終止使用,Y,N,N,N,e04,2019/1/31,D,610A,推銷費用-關係人(自建)
612818,6,推銷費用-其他折舊,折舊,Y,N,N,N,e04,2000/3/28,D,610A,推銷費用-關係人(自建)
612822,6,推銷費用-運費,運費,Y,N,N,N,e04,1999/3/20,D,610A,推銷費用-關係人(自建)
215201,2,應付費用-支票,費用類支付廠商支票,N,N,N,N,AP,1999/8/31,C,217A,應付費用-關係人(自建)
2822,2,存入保證金,e04,N,N,N,N,e04,1999/3/9,C,2820,存入保證金
215290,2,應付費用-現金,支付憑証簽收單,N,N,N,N,AP,1999/8/31,C,217A,應付費用-關係人(自建)
128206,1,進項稅額-免稅,e04,N,N,N,N,e04,1999/3/15,D,1264,進項稅額
183002,1,其他暫付款-暫付稅捐,e04,N,N,N,N,e04,1999/3/15,D,1281,暫付款
1102,1,週轉金,e04,N,e04,e04,Y,e04,1999/3/15,e04,e04,e04
1112,1,銀行存款,e04,N,e04,e04,Y,e04,1999/3/15,e04,e04,e04
1122,1,短期投資,e04,N,e04,e04,Y,e04,1999/3/15,e04,e04,e04
1226,1,預付費用,e04,N,e04,e04,Y,e04,1999/3/15,e04,e04,e04
1822,1,存出保證金,e04,N,e04,e04,Y,e04,1999/3/15,e04,e04,e04
1830,1,其他暫付款,e04,N,e04,e04,Y,e04,1999/3/15,e04,1281,暫付款
1282,1,進項稅額,e04,N,e04,e04,Y,e04,1999/3/15,e04,e04,e04
228210,2,銷項稅額-退回折讓,e04,N,N,N,N,SI2,2001/4/30,C,2214,銷項稅額
2102,2,短期借款,e04,N,e04,e04,Y,e04,1999/3/15,e04,e04,e04
2152,2,應付費用,e04,N,e04,e04,Y,e04,1999/3/15,e04,e04,e04
2282,2,銷項稅額,e04,N,e04,e04,Y,e04,1999/3/15,e04,e04,e04
2826,2,暫收款,e04,N,e04,e04,Y,e04,1999/3/15,e04,e04,e04
3100,3,股本,e04,N,e04,e04,Y,e04,1999/3/29,e04,e04,e04
4102,4,銷貨收入,e04,N,e04,e04,Y,e04,1999/3/15,e04,e04,e04
4112,4,其他營業收入,e04,N,e04,e04,Y,e04,1999/3/15,e04,e04,e04
5112,5,其他營業支出,e04,N,e04,e04,Y,e04,1999/3/15,e04,e04,e04
7496,7,其他營業外收入,e04,N,e04,e04,Y,e04,1999/3/15,e04,e04,e04
7992,7,其他營業外支出,e04,N,e04,e04,Y,e04,1999/3/15,e04,e04,e04
122602,1,預付費用-車輛保險費,車輛保險費,Y,Y,N,N,INS,1999/8/31,D,1258,其他預付費用
2182,2,其他應付款,e04,N,N,N,N,AP,1999/8/31,C,2210,其他應付款項
1292,1,內部應收款,過渡科目,N,N,N,N,e04,1999/3/23,D,e04,e04
2292,2,內部應付款,過渡科目,N,N,N,N,e04,1999/3/23,C,e04,e04
111216,1,銀行存款-郵局,31406297,N,N,N,N,e04,1999/3/24,D,1103,銀行存款
612896,6,推銷費用-各項攤提,e04,Y,N,N,N,e04,2002/4/11,D,610A,推銷費用-關係人(自建)
622896,6,管理費用-各項攤提,e04,Y,N,N,N,e04,2000/10/18,D,620A,管理及總務費用-關係人(自建)
3300,4,本期損益,e04,N,e04,e04,Y,e04,1999/4/9,e04,e04,e04
110208,1,週轉金-嘉義,嘉義,N,N,N,N,e04,1999/7/7,D,1102,零用金／週轉金
410401,4,配送收入-物流實付額,7月11日,N,N,N,N,e04,2013/1/11,C,4160,勞務收入
512810,5,物流成本-舊制退休金,退休金,Y,N,N,N,e04,2013/1/4,D,5600,勞務成本
512896,5,物流成本-各項攤提,e04,Y,N,N,N,e04,2013/1/4,D,5600,勞務成本
512845,5,物流成本-車輛稅捐,e04,Y,N,N,N,e04,2013/1/4,D,5600,勞務成本
512819,5,物流成本-資訊設備折舊,e04,Y,N,N,N,e04,2013/1/4,D,5600,勞務成本
512868,5,物流成本-管理服務費,保全，統一企業外派來工務總工室收取之費用,Y,N,N,N,e04,2013/1/4,D,5600,勞務成本
512804,5,物流成本-伙食津貼,e04,Y,N,N,N,e04,2013/1/4,D,5600,勞務成本
1858A,1,預付設備款,IFRS預付設備款屬其他資產,N,e04,e04,Y,e04,2017/10/30,e04,e04,e04
512880,5,物流成本-(使)土地租賃折舊,108/01/01 IFRS租賃上線 使用權資產-土地租賃折舊,N,N,N,N,e04,2019/1/21,D,5600,勞務成本
512882,5,物流成本-(使)房屋及建築折舊,108/01/01 IFRS租賃上線 使用權資產-房屋及建築折舊,N,N,N,N,e04,2019/1/21,D,5600,勞務成本
622882,6,管理費用-(使)房屋及建築折舊,108/01/01 IFRS16上線 使用權資產-房屋及建築折舊,N,N,N,N,e04,2019/1/21,D,620A,管理及總務費用-關係人(自建)
1600,1,使用權資產,e04,N,e04,e04,Y,e04,2019/1/7,e04,e04,e04
1602,1,使用權資產-土地,108/01/01 IFRS16租賃 使用權資產-土地租賃,N,N,Y,N,e04,2019/1/7,D,e04,e04
1612,1,累計折舊-使用權資產-土地,e04,N,N,N,N,e04,2019/1/7,D,e04,e04
1622,1,使用權資產-房屋及建築,108/01/01 IFRS16租賃上線 使用權資產-房屋及建築,N,N,Y,N,e04,2019/1/7,D,e04,e04
1623,1,累計折舊-使用權資產-房屋及建築,108/01/01 IFRS16租賃上線 累計折舊-使用權資產-房屋及建築,N,N,N,N,e04,2019/1/7,C,e04,e04
750201,7,(使)租賃負債之利息費用,108/01/01 IFRS16租賃上線 使用權資產-利息支出,N,N,N,N,e04,2019/1/31,D,e04,e04
2185,2,租賃負債-流動,108/01/01 IFRS租賃上線 租賃負債,N,N,N,N,AP,2019/1/31,C,e04,e04
750200,7,利息支出,e04,N,e04,e04,Y,e04,2019/1/7,e04,e04,e04
170602,1,累計減損-電腦軟體,累計減損-電腦軟體,N,N,N,N,e04,2019/12/18,C,e04,e04
170601,1,電腦軟體,電腦軟體,N,N,N,N,e04,2019/12/18,D,e04,e04
1706,1,電腦軟體淨額,e04,N,e04,e04,Y,e04,2019/12/18,e04,e04,e04
7508,7,滅損損失,e04,N,N,N,N,e04,2019/12/18,D,e04,e04
2856,2,遞延所得稅負債-非流動,e04,N,N,N,N,e04,2019/1/3,C,2281,暫收款
512884,5,物流成本-租借使用費,108/01/01 IFRS16租賃上線 有租約但無法辨視之資產,N,N,N,N,e04,2019/1/9,D,5600,勞務成本
612884,6,推銷費用-租借使用費,108/01/01 IFRS16租賃上線 有租約但無法辨視之資產,N,N,N,N,e04,2019/1/9,D,610A,推銷費用-關係人(自建)
622884,6,管理費用-租借使用費,108/01/01 IFRS16租賃上線  有租約但無法辨視之資產,N,N,N,N,e04,2019/1/9,D,620A,管理及總務費用-關係人(自建)
7107,7,外幣兌換收益,e04,N,e04,e04,Y,e04,2019/1/9,e04,e04,e04
2885,2,租賃負債-非流動,108/01/01 IFRS租賃上線 租賃負債,N,N,N,N,AP,2019/1/31,C,e04,e04
710701,7,未實現匯兌收益,e04,N,N,N,N,e04,2019/1/9,C,e04,e04
710702,7,已實現匯兌收益,e04,N,N,N,N,e04,2019/1/9,C,e04,e04
750701,7,未實現匯兌損失,108/01/01建 外幣帳戶評價使用,N,N,N,N,e04,2019/1/9,D,e04,e04
750702,7,已實現匯兌損失,108/01/01建 外幣帳戶評價使用,N,N,N,N,e04,2019/1/9,D,e04,e04
7507,7,外幣兌換損失,e04,N,e04,e04,Y,e04,2019/1/9,e04,e04,e04
111242,1,銀行存款-中信中台南外幣,106/03/09開戶,N,N,Y,N,e04,2017/3/10,D,1103,銀行存款
218210,2,其他應付款-外幣,應國採外幣交易(106/03/10建立),N,N,N,N,AP,2017/3/10,C,2210,其他應付款項
218212,2,其他應付款-應付現金股利,估列現金股利專用,N,N,N,N,AP,2017/7/4,C,2210,其他應付款項
2192,2,應付現金股利,e04,N,N,N,N,AP,2017/7/5,C,2210,其他應付款項
1148,1,應收租賃款,1080129建立，因應IFRS16租賃上線,N,N,N,N,AR,2019/2/11,D,e04,e04
210410,2,銀行短期借款-星展銀行,銀行短期借款(108/05/30新增),N,N,N,N,e04,2019/5/30,C,e04,e04
1858,1,預付設備款,屬其他資產(IFRS上線適用),N,N,N,N,e04,2017/10/26,D,1672,預付設備款
512886,5,物流成本-低價值資產租賃,因應20190101 IFRS16租賃上線新增之,Y,N,N,N,e04,2019/1/31,D,5600,勞務成本
512888,5,物流成本-短期租賃合約,因應20190101 IFRS16租賃上線新增之,Y,N,N,N,e04,2019/1/31,D,5600,勞務成本
512890,5,物流成本-變動租賃給付,因應20190101 IFRS16租賃上線新增之,Y,N,N,N,e04,2019/1/31,D,5600,勞務成本
612886,6,推銷費用-低價值資產租賃,20190101建立，因應IFRS16租賃上線，故新增之,Y,N,N,N,e04,2019/1/31,D,610A,推銷費用-關係人(自建)
612888,6,推銷費用-短期租賃合約,20190101建立，因應IFRS16租賃上線，故新增之,Y,N,N,N,e04,2019/1/31,D,610A,推銷費用-關係人(自建)
612890,6,推銷費用-變動租賃給付,20190101建立，因應IFRS16租賃上線，故新增之,Y,N,N,N,e04,2019/1/31,D,610A,推銷費用-關係人(自建)
622886,6,管理費用-低價值資產租賃,20190101建立，因應IFRS16租賃上線，故新增之,Y,N,N,N,e04,2019/1/31,D,620A,管理及總務費用-關係人(自建)
622888,6,管理費用-短期租賃合約,20190101建立，因應IFRS16租賃上線，故新增之,Y,N,N,N,e04,2019/1/31,D,620A,管理及總務費用-關係人(自建)
622890,6,管理費用-變動租賃合約,20190101建立，因應IFRS16租賃上線，故新增之,Y,N,N,N,e04,2019/1/31,D,620A,管理及總務費用-關係人(自建)
749618,7,其他營業外收入-變動租金收入,20190101建立，因應IFRS16租賃上線，故新增之,N,N,N,N,e04,2019/1/31,C,7210,租金收入
749620,7,其他營業外收入-COVID19降租影響,20200622建應COVID19出租人一次性調降短期租金得認收入免再衡量,N,N,N,N,e04,2020/6/22,C,7210,租金收入
1186,1,暫估其他應收款,e04,N,N,N,N,e04,2016/12/28,D,e04,e04
6602,6,遞延所得稅費用,e04,N,N,N,N,e04,2016/12/28,D,8111,所得稅費用（利益）
660A,6,所得稅費用,e04,N,e04,e04,Y,e04,2016/12/28,e04,e04,e04
512825,5,物流成本-手續費,銀行相關手續費(保證函手續費、電匯手續費等等)-20190708新增,Y,N,N,N,e04,2019/7/8,D,5600,勞務成本
622825,6,管理費用-手續費,銀行保證函手續費、電匯手續費-20190708新增,Y,N,N,N,e04,2019/7/8,D,620A,管理及總務費用-關係人(自建)
612825,6,推銷費用-手續費,銀行相關手續費(保證函手續費、電匯手續費等等)-20190708新增,Y,N,N,N,e04,2019/7/8,D,610A,推銷費用-關係人(自建)
532862,5,環支物流成本-雜項購置,雜項購置,Y,N,N,N,e04,2013/1/4,D,5600,勞務成本
532870,5,環支物流成本-系統維護費,系統維護費,Y,N,N,N,e04,2013/1/4,D,5600,勞務成本
532872,5,環支物流成本-職訓費,職訓費,Y,N,N,N,e04,2013/1/4,D,5600,勞務成本
532876,5,環支物流成本-清潔費,樂清、病虫防害、消毒、垃圾處理9602啟用9609用品改費,N,N,N,N,e04,2013/1/4,D,5600,勞務成本
532898,5,環支物流成本-雜費,雜費,Y,N,N,N,e04,2013/1/4,D,5600,勞務成本
532878,5,環支物流成本-其他用品,可延續性使用、現場營業相關用品之特性物品9901啟用990802更正,N,N,N,N,e04,2013/1/4,D,5600,勞務成本
5128,5,物流成本,e04,N,e04,e04,Y,e04,2013/1/11,e04,e04,e04
410402,4,配送收入-代配送,7月11日,N,N,N,N,e04,2013/1/11,C,4610,勞務收入
4104,4,配送收入,e04,N,e04,e04,Y,e04,2013/1/11,e04,e04,e04
118201,1,其他應收款-供應商,e04,N,N,N,N,AR,2013/1/11,D,e04,e04
1184,1,暫估應收款-超商,e04,N,N,N,N,e04,2013/2/4,D,e04,e04
218201,2,其他應付款-供應商,與118201對沖(103/1建立),N,N,N,N,AP,2013/1/11,C,2210,其他應付款項
2184,2,暫估應付款-供應商,供貨廠商進貨專用(1031/1建立),N,N,N,N,AP,2013/1/11,C,2210,其他應付款項
118200,1,其他應收款,e04,N,e04,e04,Y,e04,2013/1/11,e04,e04,e04
749616,7,其他營業外收入-品異,供貨廠商之品異補貼,N,N,N,N,e04,2013/1/16,C,7480,什項收入
86228,6,交通旅費,e04,N,e04,e04,Y,e04,2000/11/20,e04,e04,e04
96128,6,其他成本,e04,N,e04,e04,Y,e04,2000/11/20,e04,e04,e04
96228,6,其他成本,e04,N,e04,e04,Y,e04,2000/11/20,e04,e04,e04
118253,1,累計折舊-其他應收款,累計折舊-其他應收款,N,N,N,N,e04,2001/5/22,C,e04,e04
1523,1,累計折舊-房屋,累計折舊-房屋,N,N,N,N,e04,2001/5/22,C,1529,累計折舊-房屋及建築
1182,1,其他應收款,e04,N,N,N,N,AR,2000/4/11,D,1188,其他應收款-關係人-其他
1183,1,備扺呆帳--其他應收款,e04,N,N,N,N,e04,1999/3/15,C,1179,備抵呆帳-其他應收款項
1202,1,商品,e04,N,N,N,N,e04,1999/1/26,D,1201,商品存貨
799212,7,其他營業外支出-品異,對7-11之品異支出,N,N,N,N,e04,2013/1/16,D,788A,什項支出-關係人(自建)
410501,4,銷貨折讓,超商,N,N,N,N,e04,2013/2/4,C,e04,e04
182296,1,存出保証票據-本票,2013/11/28新增,N,N,N,N,e04,2013/11/28,D,1820,存出保證金
2143,2,應付保證票據-本票,2013/11/28新增,N,N,N,N,NP,2013/11/28,C,2131,應付票據-關係人
122616,1,預付費用-預付稅捐,暫繳、扣繳(2014/1/2新增),Y,N,N,N,e04,2014/1/2,D,1258,其他預付費用
1146,1,應收股利-關係人,捷盛現金股利(2013/11/28),N,N,N,N,e04,2013/11/28,D,e04,e04
110242,1,週轉金-湖口,湖口DC新設週轉金103/03/26,N,N,N,N,e04,2014/3/26,D,e04,e04
993314,9,確定福利計劃之再衡量,確定福利計劃精算利益(損失)(IFRS退休金精算報告-IAS19),N,N,N,N,e04,2015/3/31,C,e04,e04
993310,9,IFRS-累積換算調整數,海外轉投資匯率影響,N,N,N,N,e04,2014/8/18,C,3420,累積換算調整數
993313,9,確定福利計劃之再衡量數所得稅,確定福利計劃精算利益(損失)與其他綜合損益組成部分之相關所得稅,N,N,N,N,e04,2015/3/31,C,e04,e04
1141,1,應收保證票券,e04,N,N,N,N,NR,2014/9/10,D,e04,e04
331I,3,確定福利計劃精算利益(損失),確定福利計劃精算利益(損失)-OCI稅(淨額)-103/07/31建,N,e04,e04,Y,e04,2014/7/31,e04,e04,e04
I3310,3,累積換算調整數,累積換算調整數,N,e04,e04,Y,e04,2014/8/18,e04,e04,e04
282202,2,存入保證票券,e04,N,N,N,N,e04,2014/9/10,C,2820,存入保證金
282200,2,存入保證金,存入保證金(含應收保證票券),N,e04,e04,Y,e04,2014/9/10,e04,e04,e04
110244,1,週轉金-八堵,八堵DC新設週轉金103/05/20(原大武崙位移),N,N,N,N,e04,2014/5/20,D,e04,e04
110246,1,週轉金-中壢鮮食,中壢鮮食DC新設週轉金103/05/20(原蘆竹位移),N,N,N,N,e04,2014/5/20,D,e04,e04
622892,6,管理費用-政府罰款,e04,Y,N,N,N,e04,2015/1/14,D,620A,管理及總務費用-關係人(自建)
320804,3,累積盈虧-確定福利計劃-子公司,e04,N,N,N,N,e04,2015/12/31,C,3351,累積盈虧
1704,1,無形資產-權利金,無形資產-土地權利金,N,Y,N,N,e04,2019/12/18,D,e04,e04
320802,3,累積盈虧-確定福利計劃再衡量數,e04,N,N,N,N,e04,2015/12/31,C,3351,累積盈虧
612803,6,推銷費用-理貨外包,人力銀行派遣員工(原中文名稱人力派遣107/4起改為理貨外包),Y,N,N,N,e04,2018/5/2,D,610A,推銷費用-關係人(自建)
8200,6,分攤總部損益,e04,N,N,N,N,e04,2004/3/24,D,e04,e04
9200,6,總部損益分攤,e04,N,N,N,N,e04,2004/3/24,C,e04,e04
1564,1,水電設備,專屬物流設備使用,N,N,N,N,e04,2005/1/24,D,1541,水電設備
993316,9,子公司確定福利計劃再衡量所得稅,確定福利計劃精算利益(損失)與其他綜合損益組成部分之相關所得稅,N,N,N,N,e04,2015/3/31,C,e04,e04
993315,9,子公司-確定福利計劃之再衡量,確定福利計劃精算利益(損失)(IFRS退休金精算報告-IAS19),N,N,N,N,e04,2015/3/31,C,e04,e04
320800,3,累積盈虧,e04,N,e04,e04,Y,e04,2015/3/31,e04,e04,e04
99331I,3,確定福利計劃精算利益(損失),確定福利計劃精算利益(損失)-OCI稅(淨額)-103/07/31建,N,e04,e04,Y,e04,2015/3/31,e04,e04,e04
512892,6,物流成本-政府罰款,e04,Y,N,N,N,e04,2015/4/22,D,620A,管理及總務費用-關係人(自建)
282652,2,暫收款-人事保證保險,人事保證保險-104/9/9新增,N,N,N,N,AP,2015/9/9,C,2281,暫收款
2186,2,預收款項,預收款項(104/12/8建立),N,N,N,N,AP,2015/12/8,C,e04,e04
3104,3,待分配股票股利,e04,N,N,N,N,e04,2016/6/27,C,e04,e04
218206,2,其他應付款-應付設備款,屬不動產廠房設備者(105年06月新增),N,N,N,N,AP,2016/6/28,C,2210,其他應付款項
1832,1,代付款,105/06/28新增,N,N,N,N,e04,2016/12/8,D,1281,暫付款
111244,1,銀行存款-星展南京東路分行(活),活60439498988,N,N,N,N,e04,2019/5/28,D,1103,銀行存款
111246,1,銀行存款-星展南京東路分行(支),支60439497088,N,N,N,N,e04,2019/5/28,D,1103,銀行存款
410403,4,配送收入-ES冷鏈,7月11日,N,N,N,N,e04,2020/6/9,C,4610,勞務收入
